,kepid,teff,mass,radius,kepmag,dist,nkoi,ra,dec,st_quarters,jmag,hmag,kmag,rrmscdpp06p0,Crowdingseason0,isMdwarf,isGiant,cosi,noise_level,Nplanets,planetRadius,planetPeriod,starID,T0,ars,ecc,omega,rprs,impact,duration,duration_correction,transit_depth,transit_depth_diluted,has_transits
83,10079113,5564.42163782,0.997,0.8557991507520001,15.630999999999998,1151.781,0,293.42663999999996,47.06797,1111111111111111,14.372,14.024000000000001,14.020999999999999,152.183,0.9279999999999999,False,False,0.0009620763660069809,479.9506441958909,1,1.3595080694208004,55.73274430474203,247,27.624376893627613,71.7028478340288,0.02324506581356927,0.5631733467496249,0.014543478296993788,0.06980242045432287,0.25042581215944953,2.451574900309348,211.5127609751293,196.28384218492,True
165,10030608,5664.66804216,0.919,0.786406049771,14.905,679.791,0,298.44781,46.951729,11111101110111011,13.552999999999999,13.114,13.065,123.665,0.9570000000000001,False,False,0.00446820939919601,308.3516892550089,2,2.2273491836299586,183.7538820818981,486,13.886048333919122,168.22308418642675,0.13282044200704304,1.056705135576637,0.025929838385742584,0.8253263681511448,0.2118892038235913,2.2550700414324587,672.3565187107296,643.4451884061682,True
191,10080411,5998.03980339,0.972,1.32857403606,14.25,1031.663,0,293.93225,47.02512,11111111111111111,13.085,12.745999999999999,12.703,75.553,0.9620000000000001,False,False,0.008687595666934,214.0645828564382,1,2.4110536842349153,142.69615454712778,560,97.73431433504285,85.7131438829565,0.010804873794650591,0.21185804948251263,0.01661420130159295,0.7462460390966037,0.36586660788967656,2.963241230367895,276.0316848898529,265.5424808640385,True
196,10094523,5582.17597342,1.338,1.2918267526,12.88,478.18199999999996,0,298.45026,47.066509,11111101110111011,11.607999999999999,11.26,11.175999999999998,40.815,0.985,False,False,0.009441840420863934,110.23438689447214,1,0.7515023743305319,84.36875958341119,568,64.25212181668218,69.07779360040685,0.06988827159579053,-2.182913503977833,0.005325794827478958,0.6117294661812661,0.3101775056683357,2.7284171484653985,28.364090544401623,27.938629186235598,True
310,10018200,5880.72797874,1.074,0.942057496653,14.602,875.4169999999999,0,294.46725,46.929001,11111111111111111,13.515999999999998,13.169,13.134,83.45100000000002,0.961,False,False,0.0036471560488577914,262.3169098352427,2,2.11408853134465,321.5981135691669,888,27.839068067450636,214.81730476155494,0.045685213809710454,1.386290117647504,0.020544903653146502,0.8170225960603987,0.29142411833977944,2.64465098645449,422.0930661170725,405.63143653850665,True
311,10018200,5880.72797874,1.074,0.942057496653,14.602,875.4169999999999,0,294.46725,46.929001,11111111111111111,13.515999999999998,13.169,13.134,83.45100000000002,0.961,False,False,0.0036471560488577914,262.3169098352427,2,2.034602274408122,240.66844242993503,888,103.48808620773134,177.06784420470447,0.098442890885623,-1.8974024078450717,0.019772449015463222,0.5793225576062672,0.36309433783847034,2.9519932432380815,390.9497400690925,375.7027002063979,True
448,10136404,5658.24844496,1.037,1.0120820240600001,15.014000000000001,1072.396,0,290.00684,47.123669,11111111111111111,13.805,13.538,13.436,102.38799999999999,0.9359999999999999,False,False,0.014064847065969333,330.5009553051513,2,2.509113624615732,78.01725694077562,1318,43.27403057102496,76.87301411650965,0.12167803401677464,-1.6416311261235883,0.022696713000798466,0.9339700772216266,0.13461623064578176,1.7974397167912926,515.1407810406141,482.17177105401476,True
602,10255699,5642.35203551,0.989,1.23173052127,14.540999999999999,1012.073,0,282.85016,47.39431,11111111111111111,13.279000000000002,12.947000000000001,12.897,91.088,0.9440000000000001,False,False,0.0016797746886810794,253.681037787881,1,1.4433006696775954,254.1476881508033,1792,162.98496459553647,136.62916712239743,0.1152131859917895,1.20026201919325,0.010727523108930053,0.2511073531480713,0.5796911987051204,3.729958279783152,115.07975205262832,108.63528593768115,True
869,10397036,5893.71058155,1.02,1.05230285875,13.965,771.681,0,288.47141,47.55397,11111111111111111,12.89,12.625,12.592,62.812,0.955,False,False,0.009041825581453056,185.82919211688866,2,0.8282989358422418,54.23157901248199,2736,48.5577965782647,57.69839393219538,0.03532504627263946,-0.6550057095905428,0.007206173293725952,0.5098215074471126,0.2599056753017692,2.4975460370616718,51.92893353920914,49.59213152994473,True
981,10453001,5321.72947022,0.972,0.8521469560870001,14.584000000000001,659.123,0,283.58261,47.636711,11111111111111111,13.331,12.955,12.847999999999999,141.965,0.9,False,False,0.0006581248832066011,259.7742659975417,1,0.6765105528624845,742.70045307921,3110,360.45841795834707,401.3466431844374,0.014968434473626602,-1.088711512516999,0.007268058715947257,0.26057392904734283,0.5731240516678606,3.7087703137331993,52.82467749845689,47.54220974861121,True
1058,10545063,5509.67391314,0.949,0.985905943685,15.675,1289.833,0,295.68256,47.712872,11111101110111011,14.509,14.075,13.919,171.878,0.9440000000000001,False,False,0.004384567034873554,490.9579652428311,1,1.96246322801045,120.64932988223649,3400,49.08489905702305,102.45648360402602,0.04356988222988472,0.5011277102870393,0.01822318951165181,0.4577775924311596,0.3409223695665088,2.860443474287896,332.0846359775765,313.48789636283226,True
1121,10419481,5958.0730201999995,1.06,1.2647845116,14.878,1350.5120000000002,0,297.16582999999997,47.57053,11111101110111011,13.787,13.493,13.392000000000001,105.53,0.9520000000000001,False,False,0.0107468583840864,303.321074190665,2,2.451252590078308,134.03521534256592,3617,32.88915797743557,88.8861874186597,0.0554123752101723,3.015230802441896,0.01774311533415121,0.9589850172839764,0.16359432973135252,1.981480232945174,314.8181417609918,299.70687095646423,True
1365,10670655,5718.98166112,1.133,1.20976967231,15.564,1668.644,0,293.88773,47.988811,11111111111111111,14.425,14.032,13.97,166.477,0.9279999999999999,False,False,0.0024884869198440462,460.06610287723566,1,2.091233802267313,642.9799564275199,4379,142.7276945419493,270.2558797307429,0.006679238473287825,0.9024557298896445,0.01582552935320347,0.6760237511226755,0.5742063414553848,3.7122704905393458,250.4473793091047,232.41516799884914,True
1465,10579444,5449.19250832,0.775,1.0908247272799998,15.272,1181.8319999999999,0,281.5867,47.803131,11111111111111111,14.030999999999999,13.624,13.519,165.31599999999997,0.946,False,False,0.016259256659511334,382.9244203873524,1,1.4866272416441766,50.35044462399578,4711,28.341674321704826,48.337485085397624,0.04740894942293486,2.5519824324239186,0.012476864574925351,0.8048831578958971,0.20368829260709348,2.2109995528200006,155.67214962102716,147.26585354149168,True
1969,10927581,5336.55293595,0.903,1.07325548797,15.507,1172.4,0,295.10941,48.311089,11111111111111111,14.036,13.629000000000001,13.556,182.22799999999998,0.94,False,False,0.015994149004439184,440.8612459724054,2,1.8802087747455976,68.95763109065679,6191,61.56575104794517,63.75544368824539,0.12790574386453613,-0.2774747418640957,0.016038409796863856,0.9673040001522268,0.1070506159261068,1.6028770327840383,257.23058881213854,241.7967534834102,True
2068,10972900,5582.031300899999,0.968,0.996769662644,15.784,1431.866,0,290.44409,48.403568,11111111111111111,14.534,14.174000000000001,14.094000000000001,170.00099999999995,0.938,False,False,0.009579050446346216,529.2999506611067,2,2.238888380668788,67.51177015710178,6449,40.99470367764527,69.2712283672547,0.01849012429731132,1.9569286632024392,0.020563450005744548,0.6746915550870731,0.23756401673730326,2.387789019510576,422.8554761387555,396.63843661815264,True
2069,10972900,5582.031300899999,0.968,0.996769662644,15.784,1431.866,0,290.44409,48.403568,11111111111111111,14.534,14.174000000000001,14.094000000000001,170.00099999999995,0.938,False,False,0.009579050446346216,529.2999506611067,2,1.8869452727666343,71.36794343371486,6449,66.87412927903853,71.88451497872252,0.09096050980839283,-2.965685321777826,0.01733096884826476,0.6719271073895169,0.24141133571024445,2.4070463346279536,300.36248121952354,281.74000738391305,True
2306,11087575,5677.80712526,1.091,1.08768795007,15.453,1468.672,0,293.57412999999997,48.65049000000001,11111111111111111,14.282,13.963,13.924000000000001,143.536,0.9390000000000001,False,False,0.005279123835211785,426.86581688313987,1,1.6747553445401855,73.7598959099355,7217,20.66055050517482,70.07886308219051,0.016958202760097782,-0.8852101755681452,0.014096308760503098,0.36499240354837814,0.3169974981321835,2.758249436721125,198.7059206714364,186.5848595104788,True
2435,11081611,5556.51068238,0.867,1.12252202441,14.892000000000001,1015.794,0,290.52621,48.683708,11111111111111111,13.587,13.259,13.119000000000002,101.455,0.9329999999999999,False,False,0.0019231032975270956,305.86371802836646,2,2.4190697191617576,188.8354904776964,7683,177.1050824814931,117.70732583127749,0.006630998931817976,0.6435786119956126,0.019729308465520914,0.22725409534882657,0.5076441678014788,3.4904813460661113,389.2456125276752,363.1661564883209,True
2436,11081611,5556.51068238,0.867,1.12252202441,14.892000000000001,1015.794,0,290.52621,48.683708,11111111111111111,13.587,13.259,13.119000000000002,101.455,0.9329999999999999,False,False,0.0019231032975270956,305.86371802836646,2,2.3467492459938963,148.85476255865737,7683,70.97727314208164,100.44374626533457,0.15212337188843628,0.8656145647076601,0.01913948134636059,0.21106987355973664,0.47033986892579144,3.3597852393001246,366.319746207685,341.7763232117701,True
2605,11086878,5697.70916442,1.053,1.12538901314,15.069,1262.239,0,293.24246,48.60479,11111111111111111,13.867,13.572000000000001,13.534,114.645,0.9420000000000001,False,False,0.006506902263388126,340.2581915093102,1,0.9107628043950975,114.0924854648171,8116,78.43206633097688,89.52570121241772,0.09635084765887841,2.2368726757566257,0.007409023348266734,0.6212575891597788,0.32171346206521306,2.778690894929681,54.8936269751616,51.70979661060223,True
2627,11235352,5360.63118484,0.892,1.01789189785,15.41,1112.096,0,287.06631,48.949878999999996,11111110111011101,14.04,13.658,13.559000000000001,214.11,0.9390000000000001,False,False,0.00978680061719428,416.2192566855175,1,2.4790199578191703,55.29529731001914,8183,33.47434621644315,57.78498568529858,0.0067422846023089626,-1.820752976655467,0.022296500995608648,0.5618099553226341,0.2601720175139432,2.4988254081337167,497.13395664717746,466.8087852916997,True
2691,11231999,5387.22675287,0.94,0.866633754771,15.296,894.867,0,285.0228600000001,48.98307,11110111011101,13.927999999999999,13.552,13.450999999999999,162.54,0.9,False,False,0.008028994264998923,388.8058412189541,1,2.4075357184655974,51.320188677611554,8381,32.221297219394934,65.71564346330892,0.010280583922144999,-0.8118217627699975,0.025432876784699753,0.523639164934396,0.2191770367984798,2.293523246702225,646.8312215457197,582.1480993911478,True
2823,11228515,5609.54793231,1.003,0.860944093275,15.219000000000001,947.971,0,282.54535,48.950278999999995,11111111111111111,13.927999999999999,13.626,13.575,171.428,0.945,False,False,0.005754940057859703,369.93628271756523,1,2.41956160084136,52.73369370373095,8794,26.50884420255684,68.83147446530081,2.8758728218679336e-05,2.351875180931013,0.025728832602173648,0.39612909934795876,0.23074509980382918,2.3532705741779676,661.9728270706736,625.5643215817865,True
2842,11243703,5548.92667327,0.897,0.970218547966,15.106,995.368,0,291.61383,48.98365,11111111111111,13.809000000000001,13.468,13.392999999999999,120.58200000000001,0.955,False,False,0.0031999983704926738,346.9290706375627,1,2.289523490610763,531.6122149712118,8869,161.18049019489789,274.61702627490706,0.07047328703651301,-0.21796478018851007,0.02160398561796622,0.8610176693051165,0.3388097699705016,2.8515670217078957,466.7321945812912,445.7292458251331,True
2962,11250420,5618.90614548,1.014,0.9526529415270001,14.373,796.0,0,294.75363,48.997741999999995,11111111111111111,13.293,12.925,12.923,140.42700000000002,0.96,False,False,0.0015991850757665071,229.76054570473178,1,2.195239302625321,670.9218682407588,9203,389.30520137635995,340.2479273890351,0.011447027459003117,-0.9337206426692424,0.021096261754381212,0.5390413597005032,0.5443237936224671,3.6143839097333323,445.05226000936744,427.25016960899273,True
3264,11391367,5496.01790823,1.003,0.910224311909,15.402000000000001,1091.705,0,285.11984,49.239360999999995,11111110111011101,14.185,13.777999999999999,13.749,174.30700000000004,0.94,False,False,0.0015448269309447094,414.23850129991354,1,1.2108604270676266,334.3533381749693,10183,254.92629726953655,223.0275806050947,0.05482412633103857,-3.0538029560758195,0.012178786113232703,0.34184730238856414,0.45462925787703784,3.3031957539705252,148.3228311918697,139.42346132035752,True
3446,11554665,5974.42577075,1.118,0.970415655027,13.894,678.505,0,289.34997999999996,49.599239000000004,11111111111111111,12.863,12.572000000000001,12.485999999999999,67.207,0.978,False,False,0.0007802551367896982,180.09324648111075,1,1.7672617824220889,217.06569798468448,10713,57.809844353253474,162.6247059232835,0.08069686465525552,2.5119249908268655,0.016672527420864895,0.13209227718475755,0.4282939065662208,3.2060963425307887,277.9731705994918,271.857760846303,True
3579,11513218,5729.72555719,1.028,1.20438745632,12.659,464.106,0,294.66565,49.4454,11111111111111111,11.530999999999999,11.261,11.21,36.295,0.988,False,False,0.0036304366090257334,103.57233817674215,1,1.056798282234089,60.47560705063889,11152,0.4204203908397022,54.35271257549505,0.12717807696781808,-1.1559010696158116,0.00803311942770889,0.17116633068000506,0.35185034821665395,2.9059264197841785,64.531007739834,63.756635646955985,True
3656,11804437,5906.21605854,0.902,1.04813798177,12.290999999999999,344.26199999999994,1,286.2281200000001,50.01358,11111110111011101,11.18,10.874,10.847999999999999,33.32,0.986,False,False,0.00042032803019131926,88.2835295134944,1,1.9564205318126557,397.83095789626856,11394,362.8676392501024,209.91929296685734,0.050378235787698324,1.7401581740021372,0.01708842755464156,0.09239254884125071,0.6110228652975522,3.829431911803793,292.01435629023297,287.9261553021697,True
3801,11667120,5585.79438046,1.008,0.916778767644,14.365,688.18,0,294.57285,49.70975900000001,11111111111111111,13.114,12.783,12.715,78.84899999999998,0.929,False,False,0.008766484047928791,228.66415409586216,1,2.168597835082543,122.86904752561045,11883,60.16666909905419,113.79422165513866,0.18514597040300715,-2.6547370615363817,0.021655729692782455,0.8769689667497184,0.18014598892257097,2.079303665687555,468.9706285268597,435.6737139014527,True
4007,11857969,5748.10418454,0.901,0.994591019585,14.069,666.3860000000001,0,288.32097999999996,50.11130900000001,11111111111111111,12.884,12.508,12.440999999999999,73.328,0.9790000000000001,False,False,0.003914182287005907,195.46364764769106,1,1.2262760590152915,105.92781581412417,12464,30.859865726821067,91.52505378825389,0.0007232301280462846,0.9885675386520534,0.011287611791396781,0.35846196251790247,0.34837774014189,2.891550754077362,127.41017995327965,124.73456617426079,True
4328,12058604,5833.96086613,0.974,0.9882934242649999,14.482999999999999,848.38,0,289.63696,50.539879,11111111111111111,13.415,13.049000000000001,12.964,109.693,0.961,False,False,0.0058313135082687095,245.42145635480585,2,1.9591737792455162,54.86906567983097,13562,5.459963292931237,60.970773913414114,0.06713464601225254,1.529251620885213,0.018148695021756308,0.37778569470621925,0.2708484750715304,2.549581024740483,329.3751309927222,316.529500884006,True
4329,12058604,5833.96086613,0.974,0.9882934242649999,14.482999999999999,848.38,0,289.63696,50.539879,11111111111111111,13.415,13.049000000000001,12.964,109.693,0.961,False,False,0.0058313135082687095,245.42145635480585,2,1.6883082372932443,185.1549070996268,13562,167.473479237404,137.17031900184793,0.07753055973526479,-1.4628752630888404,0.015639547459212047,0.733420454200274,0.30187700905880793,2.6916627235616635,244.595444728946,235.0562223845171,True
4381,12058931,5974.91515397,1.18,1.35972203742,14.895999999999999,1550.996,2,289.83011,50.586239,11111111111111111,13.835999999999999,13.571,13.517999999999999,123.78399999999999,0.961,False,False,0.00577034389493869,306.5901876962807,1,1.6148289626668078,131.27391015339532,13712,53.082391732482755,84.50824151022911,0.06481287241958544,-2.510952400508335,0.0108726333370797,0.4669566407761095,0.443325700192703,3.261873204866319,118.21415568257686,113.60380361095636,True
4584,12071713,5689.58046475,1.058,0.965403918753,15.366,1180.346,0,296.38489,50.587158,11111111111111111,14.217,13.870999999999999,13.752,178.11599999999999,0.91,False,False,0.0016880069287319444,405.59785274755296,1,1.8578211558293491,230.06068351608033,14420,72.10098746619022,166.83379162892084,0.18197953335495348,-1.2553279872200938,0.017617861654826473,0.22357102031211037,0.43576635347823744,3.233943797204537,310.389049288605,282.45403485263057,True
4976,12735587,5643.53048159,0.984,1.1402798001799999,13.787,666.008,0,289.6593,51.969749,11111111111111111,12.549000000000001,12.218,12.145999999999999,72.595,0.9640000000000001,False,False,0.002358952451928964,170.80835763150213,1,1.3570491325667537,128.37793224771664,15692,38.84108659892973,93.4508889925242,0.011387657895356687,-0.4576742317966369,0.010895382700533206,0.21930837896112138,0.43152324949750215,3.2181606529103006,118.70936419107827,114.43582708019946,True
5397,2425314,5754.54599498,0.858,1.29548432788,15.522,1734.806,0,286.97586,37.740139,11111111111111111,14.323,13.944,13.897,202.97,0.9159999999999999,False,False,0.0008509304538567575,445.915155684203,1,1.915393844697298,577.2826649511018,17128,218.69385086365696,214.08793564638245,0.06221887125641465,2.409389836030221,0.013535810716367124,0.18904604066342892,0.8546693522084852,4.5290246690654765,183.21817174931908,167.82784532237628,True
5579,2854698,5542.39324844,0.821,0.932653706001,14.138,627.107,2,291.9259600000001,38.014117999999996,11111111111111111,12.9,12.54,12.494000000000002,119.59200000000001,0.955,False,False,0.0032446405090064134,202.26656652052782,3,2.0131651970693314,48.25957523626405,17636,2.7029339218585746,56.025517905380575,0.004379364751784977,-0.10694160475820214,0.019761383309348013,0.18169420531686734,0.27514810614050533,2.5697382254564625,390.5122702989782,372.9392181355242,True
5580,2854698,5542.39324844,0.821,0.932653706001,14.138,627.107,2,291.9259600000001,38.014117999999996,11111111111111111,12.9,12.54,12.494000000000002,119.59200000000001,0.955,False,False,0.0032446405090064134,202.26656652052782,3,2.3174219372424,126.31408421414281,17636,30.336610770770836,106.40566126181312,0.049046890149109935,2.2290589706329165,0.02274799070538559,0.3578128204091886,0.3620451616394979,2.9477252041782913,517.4710811323091,494.1848824813552,True
5581,2854698,5542.39324844,0.821,0.932653706001,14.138,627.107,2,291.9259600000001,38.014117999999996,11111111111111111,12.9,12.54,12.494000000000002,119.59200000000001,0.955,False,False,0.0032446405090064134,202.26656652052782,3,2.0935619669814223,80.31362921162263,17636,15.284571480163464,78.67855660685962,0.07202626153504943,2.373925473769786,0.02055056414228667,0.26672837337309274,0.32008654485736693,2.7716560170008124,422.32568656623863,403.32103067075786,True
5692,3127912,5934.504249000001,1.026,1.2939223836700002,15.360999999999999,1536.398,0,294.01904,38.287867999999996,11111011101110111,14.020999999999999,13.66,13.6,184.364,0.9229999999999999,False,False,0.01858485913044039,404.3999910260883,1,0.533660401548773,49.47584403210181,17963,26.735854987905558,44.22548660050113,0.04739457241066666,2.323704639790548,0.0037758532025094385,0.8485036116165372,0.19101019555641885,2.1410849337086217,14.257067406900783,13.15927321656942,True
5944,3341174,5915.57790014,1.239,1.32501221096,14.665999999999999,1299.364,0,291.19449,38.493771,11111111111111111,13.558,13.257,13.200999999999999,132.534,0.753,False,False,0.015055056343473927,271.1295860522381,1,1.3809722680031524,63.008387382059325,18684,62.81255571757571,54.034654917490144,0.08412888404519796,-2.4884248798185946,0.0095416487553793,0.7661467527667478,0.24404794912149996,2.4201551146395555,91.04306097103135,68.5554249111866,True
6318,3654565,5680.31833144,0.958,0.9086238011799999,15.534,1147.531,0,293.74008,38.775261,1111011101110111,14.296,13.882,13.859000000000002,208.315,0.9309999999999999,False,False,0.0015399860763485318,449.95828345364106,1,1.753803623924282,117.7494617605639,19683,28.068125863651783,109.7269394009143,0.027869143884454065,-1.865345633282403,0.017670758961162263,0.16434025827694143,0.34306133079971163,2.8694027147113874,312.2557222634964,290.7100774273151,True
6582,3748382,5381.58884583,0.816,0.823295306547,15.345,867.0369999999999,0,291.8196700000001,38.827671,11111111111111,14.08,13.667,13.523,189.834,0.745,False,False,0.001287275606019267,400.56683351740213,1,0.8718098372371936,535.1796753683217,20400,360.30216944377923,314.9757163038547,0.011955221201626046,2.2741728092485403,0.009694478999742562,0.4090995131939425,0.49925699978454907,3.461526830002792,93.98292307644955,70.01727769195492,True
6751,4056361,5888.23561699,0.974,0.9350441866660001,14.498,777.982,0,291.34918,39.159981,11111111111111111,13.302,12.96,12.915,116.81299999999999,0.946,False,False,0.00010343133331414123,247.58300857832495,2,1.6438783685991911,389.45875399572714,20931,124.3794447599779,238.01157722034344,0.0594139000642262,0.2654643367638059,0.01609518210918666,0.024914688570617256,0.5290766960331095,3.563402966939696,259.0548871278823,245.06592322297664,True
6752,4056361,5888.23561699,0.974,0.9350441866660001,14.498,777.982,0,291.34918,39.159981,11111111111111111,13.302,12.96,12.915,116.81299999999999,0.946,False,False,0.00010343133331414123,247.58300857832495,2,1.636587637302171,589.7253863995163,20931,174.647253547938,313.85109723643444,0.17313179485921246,0.5911657473900829,0.0160237986965351,0.03462130848531562,0.6073354879227726,3.817859571821172,256.76212466707995,242.89696993505763,True
6820,3966235,5794.11524701,0.95,1.2684092031,14.657,1143.539,0,294.56851,39.044529,11111011101110111,13.482999999999999,13.181,13.085,130.55200000000002,0.9209999999999999,False,False,0.00045755971891880964,269.8903034592233,1,1.6346518070530862,225.73700918779747,21162,38.083467477486174,120.96319413465804,0.05660376734908109,1.6755156068915493,0.01179843007839731,0.058286287852269074,0.6000354866160709,3.794845409076067,139.20295231483036,128.20591908195874,True
6931,4036381,5475.97347645,0.984,0.9520106362240001,15.97,1449.684,0,284.87949,39.146469,1111111111111111,14.754000000000001,14.261,14.245999999999999,270.096,0.8590000000000001,False,False,0.0034552733857368123,593.8655608931774,1,2.242676248039939,363.5873854174623,21505,95.25245311160849,224.06052784090582,0.05717529124644832,-1.3696537472210466,0.02156667191476074,0.7282873994730241,0.3700313441970258,2.9800591035629846,465.1213374789296,399.5392288944006,True
7095,4373212,5419.925378800001,0.813,0.893774190135,15.584000000000001,1031.792,0,293.72362999999996,39.422428000000004,1111011101110111,14.290999999999999,13.793,13.696,170.933,0.9059999999999999,False,False,0.010489674104377733,466.80464915963273,1,1.4321827691560587,104.99607218036526,22007,80.67111355002207,97.84094955185166,0.06364974217602641,-1.640220808905352,0.014669961827431235,0.9569941359686369,0.1151968625473761,1.6627461324979909,215.20778001828958,194.97824869657035,True
7130,4252435,5654.11582314,0.928,1.16309680652,15.517999999999999,1428.82,0,288.79483,39.335621,1111111111111111,14.149000000000001,13.774000000000001,13.759,156.96200000000005,0.925,False,False,0.001867692879533256,444.56744642772327,1,1.4247133940217795,277.9623020415303,22136,9.588228995378884,150.36969299385004,0.12434155561955366,-0.47400243298299793,0.01121424377502588,0.2605627596821897,0.5749157219815304,3.714562871665619,125.75926344570671,116.3273186872787,True
7228,4557099,5807.88786574,1.011,0.989529883646,15.498,1331.049,0,290.31189,39.616489,11111111111111111,14.378,13.985,13.94,155.757,0.9309999999999999,False,False,0.009514791604007367,438.0075659271634,2,1.5569202581389643,104.71292234835484,22412,29.112562678220822,94.86177398040842,0.07054483856263494,1.0108798255398268,0.014404420926373339,0.952048359434099,0.12304413310576366,1.7184467389297604,207.48734222414217,193.17071561067635,True
7509,4638608,5395.39099485,0.895,0.793367393215,12.782,272.76099999999997,0,286.30532999999997,39.749859,11111111111111111,11.539000000000001,11.145999999999999,11.083,75.157,0.983,False,False,0.00923316006657604,105.64017292270233,2,2.424937434649562,83.52469635444513,23278,28.664778469700014,97.71161373253013,0.05354838231953332,1.2017427709174315,0.02798237286290959,0.9446578694186317,0.11031864462795685,1.6271593256565149,783.0131910388991,769.7019667912379,True
7510,4638608,5395.39099485,0.895,0.793367393215,12.782,272.76099999999997,0,286.30532999999997,39.749859,11111111111111111,11.539000000000001,11.145999999999999,11.083,75.157,0.983,False,False,0.00923316006657604,105.64017292270233,2,2.0262810937373326,48.75343148016777,23278,25.386877271377266,68.24534620851331,0.03169046524388508,-0.937915113761433,0.023382109690684154,0.6133860060010153,0.18629219558410703,2.114476931540888,546.7230535871859,537.4287616762036,True
7545,4750706,5976.30841702,1.004,1.2179113721400001,13.367,665.426,0,292.97525,39.861328,11111011101110111,12.273,11.993,11.940999999999999,47.65,0.976,False,False,0.004212920243572227,138.82845641705657,1,2.008326179475331,79.36711458526757,23409,22.770679196601662,63.92325246759918,0.10670482850450826,3.0649709666499296,0.015096522286995394,0.2684369416949147,0.386916816790951,3.0472944726400866,227.90498516174864,222.43526551786667,True
7743,4739078,5551.54476052,0.922,1.16645779379,15.439,1448.793,0,289.48444,39.819171999999995,11111111111111111,14.187000000000001,13.805,13.757,139.257,0.937,False,False,0.0015005356337712827,423.3994949583327,1,0.7855386079273334,689.7921621654837,23937,452.5406700708801,274.2350949663915,0.040546576545540634,1.1027644432402548,0.006165337480585653,0.42571358484300775,0.7299327516686138,4.1854971078770005,38.011386249514246,35.61666891579485,True
8103,4939546,5949.01595546,1.014,0.9925069577940001,14.564,848.628,0,295.84982,40.058369,11111011101110111,13.367,13.058,12.956,98.911,0.948,False,False,0.0005622313964415149,256.94020636514136,1,0.8949411913913655,857.4468858627056,24987,129.2931192274561,384.60963614681106,0.07435348186343495,-1.1844140949607742,0.00825504198519532,0.20015128457721335,0.7012579509380834,4.102461556494345,68.1457181773375,64.60214083211595,True
8276,5022937,5372.87453808,0.925,0.922240542339,12.619000000000002,306.13,0,295.0191700000001,40.100398999999996,11111011101110111,11.392999999999999,11.058,10.978,37.499,0.988,False,False,0.0040148338787801,102.98740002616555,1,1.8117158429734626,58.80991761457974,25561,10.877391391124073,67.26249908343435,0.013150014159345164,-0.6935709353416724,0.01798474235404544,0.2677308695519684,0.2733526038295938,2.561339979758691,323.4509575413959,319.56954605089913,True
8283,5097991,5695.71990972,1.101,0.91281007275,15.83,1409.2220000000002,0,291.41602,40.22821,11111111111111,14.682,14.302,14.297,204.739,0.867,False,False,0.0006265837329567647,547.1826954772697,1,2.3088533644774274,803.9166981074551,25582,66.33144693884358,411.7424394117628,0.147017467296257,-0.9434845451583143,0.023156572416110913,0.2217070630070994,0.6207761580997884,3.859874064577097,536.2268460625888,464.9086755362645,True
8314,5083531,5631.02325239,0.81,0.9854124667120001,15.686,1316.486,0,286.40704,40.20013,11111111111111111,14.435,14.075,13.960999999999999,187.513,0.785,False,False,0.010162289658597667,493.70979550456576,1,1.2572550474229898,49.762883408006815,25658,7.264442444736472,53.87867366971902,0.08644156258031283,-0.517738020151135,0.011680560524633054,0.5200153845655376,0.2551531776657569,2.474606284639673,136.435494169616,107.10186292314856,True
8481,5177218,5876.4532764,1.053,1.27413728779,14.94,1379.226,0,288.86099,40.36385,11111111111111111,13.767000000000001,13.512,13.436,108.99600000000001,0.9570000000000001,False,False,5.0287350809141707e-05,315.5969124907002,1,0.9612872708265765,79.97897462585652,26142,55.97206672031631,62.399345894666226,0.10294734281495711,-0.6059562729973518,0.006907093174929355,0.0029206559712312585,0.41082072523990965,3.1400155104326846,47.70793612715568,45.65649487368799,True
8599,5209604,5453.60693711,0.7879999999999999,1.2471490985200002,14.884,1040.25,0,297.31815,40.351879,11111111111111111,13.503,13.089,12.974,126.311,0.953,False,False,0.004182624758906295,304.410778692537,1,1.5952268750737069,290.43039779534104,26499,284.6827331289537,136.73761257732798,0.05088763606294563,-3.0803678040406552,0.011710149218430102,0.5686603414283363,0.5657394264055498,3.6847993478252237,137.12759471789914,130.68259776615787,True
8708,5450195,5952.09169206,1.18,1.2693091270899999,15.472000000000001,1744.4170000000001,0,292.37253,40.649071,11111111111111,14.344000000000001,14.065999999999999,13.927999999999999,258.226,0.9309999999999999,False,False,0.0030841850428994233,431.5701109239503,1,1.9088838362123652,345.2682231264322,26806,335.6266390616918,172.49132454800625,0.01206279163573866,2.6892954681627206,0.013767986968303812,0.5347223436305323,0.5487645476425809,3.629097565982753,189.55746515938358,176.4780000633861,True
8709,5303716,5693.59931994,0.972,1.28643152732,15.455,1495.1660000000002,0,298.6033,40.444561,11111111111111111,14.135,13.76,13.637,185.42,0.9259999999999999,False,False,0.011080503437659428,427.3610057295411,1,2.029921325717632,95.4191112036838,26808,51.778366030396356,67.69063304244503,0.06783691547211106,-0.05273845480288397,0.01444610874522058,0.7439125613045112,0.3094962520142246,2.7254192426746733,208.69005787873854,193.24699359571187,True
8740,5427753,5784.80289486,0.918,0.944524289064,14.67,811.097,0,283.95929,40.686039,11110111011101110,13.390999999999998,13.047,12.995999999999999,155.161,0.93,False,False,0.008231916259820782,271.6803783158005,1,2.1757458655076634,55.59805702342716,26902,36.13300491993592,63.102091976575196,0.039523658487582214,0.44154774826963683,0.021088873657724404,0.5274132280355817,0.2452287300877,2.4260027869120018,444.74059215146224,413.6087507008599,True
8825,5370028,5705.42344916,1.012,1.00613686088,15.912,1558.922,0,293.98834,40.541821,11011101110111,14.681,14.288,14.24,194.149,0.88,False,False,0.0018074472653079043,577.9423098916515,1,2.402285103896661,486.76228621097897,27166,141.16815962752435,259.9465013546062,0.04907774858394576,0.6743319026924794,0.02185877585971575,0.4831051957220647,0.5367138308839087,3.589029387064671,477.8060820852921,420.46935223505704,True
9227,5638699,5957.97485146,1.017,1.1663126101299999,14.217,872.678,1,296.78222999999997,40.835541,11111111111111111,12.998,12.672,12.642999999999999,95.12700000000001,0.815,False,False,0.0016631836912283093,210.3082658409828,1,2.2281454228697486,771.1537430232733,28363,526.9381956890326,305.24993356217976,0.07203071881397408,2.5271137113356517,0.017489883217586807,0.5261358695178083,0.7003336139338308,4.099756911624388,305.8960149648247,249.3052521963321,True
9491,5808421,5518.14008633,0.939,0.859483958501,15.036,845.795,0,296.52701,41.086262,11111111111111111,13.751,13.364,13.335999999999999,150.429,0.9570000000000001,False,False,0.01132860555028925,334.40384978681465,3,1.6391903192946244,52.76349666481739,29193,51.22715268411022,67.47497292325446,0.046612274923611405,2.6986959236268664,0.01746022973984898,0.7780062110222586,0.1632207594860725,1.979216569167139,304.85962256830686,291.7506587978697,True
9590,5802438,5320.50079939,0.826,0.745081371856,15.125,688.3330000000001,0,295.14722,41.044990999999996,11111011101110111,13.735999999999999,13.269,13.294,180.047,0.909,False,False,0.003244150406211177,350.6383329550593,1,1.5774071097815296,120.16216115028722,29549,1.9373273336937111,129.0935018250113,0.007213185182229996,-0.06303311037128578,0.01938199320978449,0.41858665732542827,0.2753959183313791,2.570895182607237,375.661660784132,341.47644965277595,True
9614,5768948,5942.96709453,0.986,1.2428828063,15.464,1589.616,0,283.26678,41.010360999999996,11110111011101110,14.173,13.786,13.786,208.766,0.91,False,False,0.004373621638531611,429.58935553834584,2,0.8257869185557346,538.4596498120371,29654,342.7099519605956,223.13471998056264,0.04320785420756154,0.3025506893885588,0.00608269677644325,0.9866487644259223,0.15116285355290443,1.9047069289708867,36.99920007415311,33.66927206747933,True
9822,5991932,5623.76587926,0.836,0.8782652464470001,14.015,545.372,0,299.5484,41.290482,11111111111111111,12.735,12.362,12.319,148.765,0.9329999999999999,False,False,0.0036820485755965082,190.13306806944624,1,2.4605763381936945,575.7506887312425,30246,390.70279690976463,312.51362503857337,0.24279470374414094,-1.5035241031398228,0.025648944287951697,0.8041084113419719,0.37337241620500283,2.993482585371104,657.8683430864501,613.7911640996579,True
9881,6061216,5806.14912556,0.825,1.33898524077,15.462,1633.1989999999998,0,296.9099700000001,41.390609999999995,11111111111111111,14.103,13.73,13.706,166.86900000000003,0.915,False,False,0.015895899942589886,429.0941666919446,1,1.1673003071990187,76.07028492681474,30458,39.31831860068842,52.94055289289445,0.02988827139215502,1.082139957949943,0.007981144218035991,0.8629943949455954,0.2382521301083891,2.3912446806216505,63.698663029089325,58.28427667161674,True
10001,6021746,5650.74225984,0.865,1.0032408379,14.232999999999999,683.2339999999999,0,283.47893999999997,41.30867,11110111011101110,12.914000000000001,12.555,12.494000000000002,90.596,0.968,False,False,0.008972035335146122,212.12951045453676,1,2.3832551705064806,159.3681893830809,30847,142.9989549501303,117.52696208658782,0.05929244616862917,-1.8520715818625346,0.021748218634777758,0.9906846847817288,0.10792404107460857,1.6094026798134162,472.98501378609456,457.8494933449395,True
10133,6115379,5684.68860671,0.953,1.15084124772,14.47,913.1239999999999,0,289.20758,41.477531,11111111111111111,13.287,12.890999999999998,12.815,108.035,0.948,False,False,0.006170493217713124,243.54811109442298,3,1.3748890806499712,252.95213568745598,31224,192.18068691927266,143.98282790542652,0.004664087758212521,1.9062559175478286,0.010937311778047194,0.8923385435170311,0.26569158114455765,2.525192655515492,119.62478893020987,113.40429990583895,True
10134,6115379,5684.68860671,0.953,1.15084124772,14.47,913.1239999999999,0,289.20758,41.477531,11111111111111111,13.287,12.890999999999998,12.815,108.035,0.948,False,False,0.006170493217713124,243.54811109442298,3,1.4975462966473092,73.27615241849335,31224,36.25199614577614,63.03671462346155,0.09899757751031746,2.2070549080771675,0.01191305609958618,0.4161275394296725,0.34131724357782656,2.8620995520540227,141.92090563188748,134.54101853902932,True
10228,6109908,5835.78649372,1.065,1.06716478661,14.927,1118.111,0,287.00142999999997,41.483101,11111111111111111,13.745999999999999,13.491,13.387,153.369,0.96,False,False,0.01169643643280116,312.90582957458633,1,2.499022238481527,53.158587703901716,31500,25.66201191556772,56.9556645505101,0.034608633109857644,-2.5918746003572726,0.021438627736186208,0.6533351058668401,0.23328840976140466,2.366204098186315,459.61475921077255,441.23016884234164,True
10264,6104230,5906.38305816,0.927,1.0298800547,13.807,639.461,0,284.3461,41.433151,11110111011101110,12.642999999999999,12.254000000000001,12.247,60.122,0.973,False,False,1.2793257064824815e-07,172.9456844014643,1,1.758625046444723,78.59247421769291,31623,71.40156018238024,73.13021034110433,0.06938923175471422,-2.060939415989669,0.015633094579049177,8.73793361111067e-06,0.34744420449212254,2.8876739614802327,244.3936461174968,237.79501767232438,True
10303,6187695,5529.68510275,0.851,1.0832332796600002,15.09,1085.8110000000001,0,285.4231,41.552841,11110111011101110,13.917,13.488,13.347999999999999,124.804,0.932,False,False,0.010798572796080652,343.9836816963526,1,2.288155433308866,68.57193324797015,31730,22.003269414067116,61.70045586031478,0.036520480141585036,-1.8771963620628815,0.019338459577716943,0.6421887527776037,0.28006317258216284,2.5925886951022346,373.97601883899216,348.5456495579407,True
10631,6351285,5806.50972018,0.935,0.896326434603,12.292,301.638,0,287.2168,41.725547999999996,11111111111111111,11.33,11.001,10.923,39.992,0.9840000000000001,False,False,0.004378473677179473,88.30459512528236,1,2.002598231824945,138.05038842935386,32751,62.11865720043355,122.67771318294314,0.024885208005819958,2.377343187703608,0.0204543636163958,0.5460583122098414,0.30879290648336405,2.7223206562785247,418.38099095173624,411.6868950965085,True
10909,6431758,5450.81850481,0.8320000000000001,0.989228267385,15.987,1526.0729999999999,0,287.92429,41.849911,11111111111111111,14.748,14.264000000000001,14.238,199.31799999999998,0.9009999999999999,False,False,0.009331335414334618,598.5327206694867,1,1.8958424545641042,49.27137853951957,33449,5.8757449722980635,53.79525669294244,0.012175228714681921,1.537318014531082,0.017545432377721753,0.5080154879654812,0.25706256960677265,2.4838481577106406,307.8421973212068,277.3658197864073,True
11041,6449898,5902.90228132,0.917,1.01859065773,12.668,403.68,0,294.0501700000001,41.854649,11111111111111111,11.613,11.297,11.255,32.599000000000004,0.934,False,False,0.004964033905005216,103.70394926062188,3,1.0334939735312079,301.30500087733543,33848,156.9474387475042,180.4667653839582,0.06264278125051678,-1.5140901745296171,0.009288949644172198,0.8362998440411438,0.30029087978130425,2.6845821117543234,86.28458549196681,80.589802849497,True
11043,6449898,5902.90228132,0.917,1.01859065773,12.668,403.68,0,294.0501700000001,41.854649,11111111111111111,11.613,11.297,11.255,32.599000000000004,0.934,False,False,0.004964033905005216,103.70394926062188,3,2.1413480502015436,48.215556284714154,33848,40.912296366436664,53.19258899650401,0.10020598660772158,2.242820245984003,0.01924624111837438,0.28210455974279136,0.28261079787881654,2.604353883229312,370.41779718660473,345.97022257228883,True
11066,6675446,5729.53338116,1.1909999999999998,0.944162183318,15.204,1112.673,0,286.39731,42.131840000000004,11111111111111111,14.055,13.682,13.67,128.278,0.9390000000000001,False,False,0.005568355430502492,366.260394697814,1,2.1193093097252245,87.96527730556868,33913,52.71658281130558,93.48338308197854,0.049153299918842014,2.705993521079666,0.020549728715410345,0.5300874298362788,0.2612148864720534,2.503828523547346,422.29135027696054,396.53157791006595,True
11178,6529713,5641.53902688,0.884,1.23336042078,14.302999999999999,865.079,0,294.09472999999997,41.96767,11111111111111111,13.050999999999998,12.649000000000001,12.561,128.376,0.955,False,False,0.004223880204652808,220.1671191271214,2,0.8134244873207036,181.14317088046383,34205,180.16637710145636,104.87652984929457,0.3850870116506287,-0.669370449728016,0.006037895375880055,0.27144599972564004,0.5326042374023321,3.57526246556193,36.45618057007375,34.81565244442043,True
11179,6529713,5641.53902688,0.884,1.23336042078,14.302999999999999,865.079,0,294.09472999999997,41.96767,11111111111111111,13.050999999999998,12.649000000000001,12.561,128.376,0.955,False,False,0.004223880204652808,220.1671191271214,2,1.461341216833753,361.11468911714024,34205,13.636357550360467,166.12198107575938,0.04650011684695064,2.1753315525942476,0.010847258120746366,0.7270074954747866,0.4859781057906955,3.41518294370546,117.66300873809799,112.36817334488357,True
11558,6843518,5823.62346707,0.914,1.14823834381,15.103,1250.827,0,284.6510600000001,42.36676,11110111011101110,13.869000000000002,13.503,13.47,119.416,0.934,False,False,0.011886164558265522,346.3433976400632,1,0.7824047783071407,51.4908541990489,35279,1.5147644662036002,49.246231454876984,0.07046485606768801,2.111494796041022,0.006238178496665086,0.6178050583149616,0.26437090365098215,2.5189088287636716,38.914870956254674,36.346489473141865,True
11559,6849618,5622.18565063,1.04,1.01024015979,15.850999999999999,1507.993,0,287.3619700000001,42.381729,11111111111111,14.57,14.220999999999998,14.155,173.373,0.941,False,False,0.0004635106454233817,555.4222400842485,1,2.39493451727197,365.18644449381344,35282,336.6335789537423,215.70779241111995,0.0814634405281153,2.0196517547355866,0.021703379432255587,0.10665748725741897,0.5475780616268957,3.6251721999162325,471.03667878045485,443.24551473240797,True
11760,6938530,5969.16379665,0.968,1.23297657523,15.257,1611.753,0,288.54749,42.48724,11111111111111111,14.19,13.882,13.815,128.97,0.9279999999999999,False,False,0.005511363244540157,379.2485323676012,1,2.371852678647663,343.8502164233441,35935,89.1115285610951,165.77514348743813,0.03930119634749215,-2.788877273090541,0.017611292630574718,0.8998317064712382,0.3137642441085586,2.744146836196162,310.15762811973536,287.8262788951144,True
12370,7353054,5784.76198436,0.903,0.960927327707,14.014000000000001,664.818,0,288.70615,42.930801,11111111111111111,12.879000000000001,12.569,12.504000000000001,63.717,0.9570000000000001,False,False,0.016236717426911795,190.03435363281216,1,2.296245809893747,54.027762836164705,37945,31.913424763412678,60.518238695561784,0.017583639935211923,0.5850186742962027,0.021876920120214534,0.9918548969457143,0.06988115517320949,1.2950473829775604,478.59963394624754,458.0198496865589,True
12475,7293051,5701.2162602,0.94,0.923336295494,14.468,723.779,0,295.03922,42.89909,11111111111111111,13.273,12.923,12.804,76.90899999999998,0.9540000000000001,False,False,0.00046785570352603223,243.25990413128702,1,2.293321860336186,668.5306544755771,38287,449.1377470047325,341.4809743965757,0.04114854869286685,-0.3234742970521882,0.022738585858519646,0.15740366461745214,0.6297452745577976,3.8876582397874357,517.0432868452697,493.2592956503873,True
12582,7338398,5352.54641068,0.8490000000000001,0.910368355996,15.53,1109.555,0,282.3252,42.912731,11111111111111111,14.265,13.845999999999998,13.793,219.5,0.868,False,False,0.001123731826864982,448.61057419716127,1,2.5053809013725092,350.17521291019887,38609,14.490039192742994,217.5430744648058,0.1818222595380554,3.080297068939421,0.025195034516518392,0.23910116695071906,0.5108032851634831,3.5013252982154617,634.7897642885532,550.9975154024642,True
12686,7363487,5462.91553914,0.8290000000000001,0.885907987764,12.95,349.654,0,292.00568,42.954929,11111111111111111,11.749,11.41,11.334000000000001,37.411,0.986,False,False,0.005420943740164441,116.09295398677429,2,1.1158300939045984,191.49666738145112,38912,162.79484598217027,148.31097522953706,0.018060165253180417,2.883023396171035,0.011531022014464463,0.8074359749866279,0.25042305098402,2.451561384835485,132.96446869806405,131.10296613629114,True
12687,7363487,5462.91553914,0.8290000000000001,0.885907987764,12.95,349.654,0,292.00568,42.954929,11111111111111111,11.749,11.41,11.334000000000001,37.411,0.986,False,False,0.005420943740164441,116.09295398677429,2,2.47267711633575,52.1991776804474,38912,37.13852721653939,62.350736049732184,0.2756013918046982,-1.757703361770703,0.02555272027424617,0.22079583703329428,0.2669004893335715,2.530931003406793,652.9415134138712,643.800332226077,True
12716,7516242,5437.63584192,0.909,1.1326375848999999,15.194,1193.303,0,288.02539,43.126308,11111111111111111,13.889000000000001,13.515999999999998,13.455,125.78399999999999,0.938,False,False,0.007936665804399556,364.10881189754696,1,0.7521633967306327,74.0776963353459,39036,67.43189910183476,63.507481251833916,0.026760998090766614,0.4109003160105065,0.006079663953299686,0.5090644851281448,0.32221941489115624,2.780875034478851,36.96231378505156,34.670650330378365,True
12822,7512885,5533.62221798,0.877,0.916980207909,15.444,1147.51,0,286.69802999999996,43.15377,11111111111111111,14.285,13.873,13.823,152.028,0.958,False,False,0.007509261799293787,424.6374670743355,2,2.128788704944286,68.04675710703789,39361,7.123087996489706,73.24552712910078,0.07816301965672856,2.0461411797800872,0.02125352371367541,0.5848845047785849,0.24758055978542137,2.437608138083337,451.712270247763,432.74035489735695,True
12823,7512885,5533.62221798,0.877,0.916980207909,15.444,1147.51,0,286.69802999999996,43.15377,11111111111111111,14.285,13.873,13.823,152.028,0.958,False,False,0.007509261799293787,424.6374670743355,2,0.971041089237981,72.29280190558075,39361,20.893287759432457,76.26164900723651,0.09054787087307682,2.1727702100322785,0.00969473615166178,0.6107124436382053,0.24263205422642817,2.4131243858189895,93.98790905033785,90.04041687022365,True
12925,7552541,5736.97194381,1.074,1.02030808992,14.770999999999999,903.097,0,298.01846,43.103149,11111111111111111,13.449000000000002,13.140999999999998,13.06,106.78,0.794,False,False,0.005055950644595297,285.28527300792314,1,1.8958093021735756,89.5072532473992,39724,19.871852390826334,84.54965399700835,0.004170688411908563,-1.7054848276484165,0.0170106797474868,0.4257047077676505,0.3112484350016616,2.7331232024992724,289.36322547155754,229.7544010244167,True
12935,7602086,5509.76606,0.882,1.2379147047399999,14.835999999999999,1110.5910000000001,0,290.03403,43.245529,11111111111111111,13.57,13.18,13.104000000000001,116.999,0.9329999999999999,False,False,0.006350493744724406,295.69314267756107,1,1.4336635172358767,149.11990200393902,39740,109.00727327493698,91.71185211074953,0.0001160355452348198,-2.0092387500057343,0.01060266062761662,0.5823543466070802,0.42748881837129565,3.2030815851162915,112.41641238441166,104.88451275465607,True
12981,7553128,5380.80465638,0.8320000000000001,1.2288089913,14.519,840.544,0,298.15353,43.124779,11111111111111111,13.065999999999999,12.655999999999999,12.573,89.85,0.9590000000000001,False,False,0.0013058933924420257,250.56357219224105,1,1.6304938887911862,278.73296163925073,39845,121.24695409992614,137.49445976199607,0.11103725528340036,2.19627221120797,0.012147674420978425,0.19350203424993107,0.6410855034966749,3.9225058424328956,147.5659938380935,141.5157880907317,True
13323,7801736,5630.38014153,0.825,0.816501787324,13.142999999999999,353.13300000000004,0,282.56711,43.511390999999996,11111111111111111,11.945,11.619000000000002,11.526,44.853,0.978,False,False,0.0018414269487911916,126.40364015086624,1,0.8571315730665386,853.447748881048,40868,239.91899082211387,435.0926220950914,0.028971121171876616,2.424483508080953,0.009610560164408238,0.8157735560626236,0.37139982530258403,2.9855645709416527,92.3628666737105,90.33088360688886,True
13587,7882211,5815.65334466,0.956,1.01567169263,13.808,653.498,0,288.52783,43.665539,11111111111111111,12.708,12.375,12.325,54.347,0.958,False,False,0.0032553204643668288,173.02784028743721,2,1.596765125884604,437.39419033553196,41641,278.06425938227744,235.2795640289699,0.04128389132607752,1.744989676668811,0.014392824801113065,0.7957462412357418,0.37227945374069454,2.989098006050767,207.15340575553535,198.45296271380286,True
13594,7939692,5408.8329908999995,0.953,0.926226862304,15.175999999999998,937.295,0,282.6387,43.735489,11111111111111111,13.856,13.49,13.389000000000001,148.844,0.91,False,False,0.002037692759117915,360.59477391254967,2,2.279511508423185,49.35164280786292,41669,41.049180520693774,60.17982517157506,0.11141839715492126,-2.2167930786704186,0.02253111922029832,0.11019576400900183,0.26537636083981303,2.5236942485482494,507.6513333192963,461.96271332055966,True
13595,7939692,5408.8329908999995,0.953,0.926226862304,15.175999999999998,937.295,0,282.6387,43.735489,11111111111111111,13.856,13.49,13.389000000000001,148.844,0.91,False,False,0.002037692759117915,360.59477391254967,2,2.2875855987887133,139.8510312093348,41669,55.47249866794299,120.5110751679754,0.10598337175897479,0.5768675237731298,0.022610925043585,0.25700072371206717,0.3656264215927317,2.9622684075258205,511.25393132661935,465.2410775072236,True
13763,7875343,5447.60988445,0.936,0.9228679436830001,14.036,577.012,0,284.90936,43.62125,11111111111111111,12.808,12.431,12.341,61.582,0.982,False,False,0.0028925854498823567,192.20607123876357,2,1.0475063689230384,658.0674516157395,42146,531.9667460829185,337.5998516514598,0.1977132974656067,3.0176411084298573,0.010391433436531306,0.9622336904642617,0.19123858013857944,2.1423645635899384,107.98188886586084,106.03821486627534,True
13764,7875343,5447.60988445,0.936,0.9228679436830001,14.036,577.012,0,284.90936,43.62125,11111111111111111,12.808,12.431,12.341,61.582,0.982,False,False,0.0028925854498823567,192.20607123876357,2,2.423074707677806,151.36767359762698,42146,11.29883350387719,126.7391326501181,0.0927853737932089,2.8506566673889004,0.024037294935460595,0.3732049361818762,0.36253410466040364,2.9497149882403364,577.7915478143195,567.3912999536618,True
14103,7944335,5761.69470352,1.083,1.25393618244,14.984000000000002,1346.3529999999998,0,284.98056,43.754490000000004,11111111111111111,13.819,13.475999999999999,13.437000000000001,121.42200000000001,0.9570000000000001,False,False,0.0001672198801203617,324.70519312985533,1,1.2621536029899065,75.41132918176835,43166,18.162268040548877,61.5405489934706,0.07634359319636505,0.20549317353632768,0.009214995465628886,0.010391134076088866,0.3936456911046873,3.073678022583448,84.91614143156093,81.26474735000382,True
14345,8110458,5342.03883752,0.924,0.816473325356,11.595,165.83700000000002,0,296.09997999999996,43.928329,11111111111111111,10.370999999999999,9.994,9.927,34.897,0.9940000000000001,False,False,0.00030105773734956376,73.26968832132312,1,1.5048140432612203,409.4529371118192,43838,81.84204054650426,276.91994371580927,0.04470925180271651,-1.563808320537772,0.01687326718242704,0.07947497440736753,0.4771305387278283,3.383952264655617,284.70714540956936,282.998902537112,True
14536,8243185,5800.83018132,0.987,1.11416823293,15.827,1619.7979999999998,0,295.19912999999997,44.102428,11111111111111111,14.562999999999999,14.158,14.085,226.55599999999998,0.861,False,False,0.002748391359171931,546.0056176762725,1,1.4267887165666737,259.9023880173457,44315,221.52997381853865,153.21385624381213,0.02085979426705728,2.2769869311653386,0.011723768739858304,0.4275915348562264,0.4951082284456032,3.4471143704110654,137.44675346567877,118.34165473394941,True
14580,8214259,5543.40993258,0.921,0.945516042772,14.937999999999999,914.115,0,283.0941200000001,44.174019,11111111111111111,13.777999999999999,13.404000000000002,13.265999999999998,222.713,0.914,False,False,0.001272701089762518,315.1828997343748,1,1.3228078780860508,64.23688926787177,44436,22.980726253153396,69.48273318100664,0.11459829100264243,2.0790297691778257,0.012808144522195116,0.09612253943948933,0.29671242637806877,2.6685385950129428,164.04856610143676,149.9403894167132,True
14591,8190386,5865.7690173,0.8109999999999999,1.37710949518,15.21,1480.9520000000002,0,299.0622600000001,44.028831,11111111111111,13.883,13.437000000000001,13.450999999999999,156.911,0.9059999999999999,False,False,0.002870111689065369,367.73074990571445,1,1.251462767566055,234.05279331748605,44463,77.83387728919337,108.27227996599805,0.02759612968748252,2.499001711991979,0.008319702737631393,0.31565599372665626,0.6589543795488243,3.976795834484313,69.21745364255129,62.71101300015146,True
14949,8377096,5605.1682717,0.928,0.9210683453440001,14.304,648.785,0,295.8253200000001,44.324039,11111111111111111,13.023,12.674000000000001,12.585999999999999,102.897,0.966,False,False,0.008934436786932953,220.3041680782303,1,1.4814594561440557,83.05786298131449,45509,11.258937090307642,84.86870095450453,0.1687376975340602,-1.2633165652111604,0.014725032501180374,0.6147194324801664,0.25151276283270835,2.4568895595824003,216.82658216081833,209.4544783673505,True
15242,8423494,5824.48525766,0.927,0.9666055043260001,13.866,632.7080000000001,0,289.03354,44.452209,11111111111111111,12.731,12.415999999999999,12.374,65.558,0.9520000000000001,False,False,0.002796123345532475,177.79288167386818,1,1.5163475623476994,464.63904587715945,46320,432.9824679872775,254.75577271176303,0.29217493923372273,-0.16109265645504056,0.014361765861216584,0.6181372693616883,0.4669187812477443,3.347543987753688,206.26031865240614,196.35982335709065,True
15292,8416900,5324.7040947999985,0.892,0.826059279506,14.449000000000002,593.654,0,285.60565,44.430149,11111111111111111,13.113,12.732999999999999,12.689,75.582,0.976,False,False,0.0008426146845482707,240.52193798149648,1,1.6942690343567957,190.19486222729435,46458,134.46511877251987,162.24793412927883,0.4313171153992487,-1.2434636544715552,0.018777142747930114,0.05544374332952386,0.3795839468926622,3.018280093931624,352.58108977614444,344.11914362151697,True
15498,8565698,5931.28225421,0.862,1.01009706757,15.46,1313.63,0,294.03267999999997,44.688301,11111111111111,14.189,13.843,13.757,138.47299999999998,0.932,False,False,0.003922757127292842,428.59897784554386,1,2.454146836580952,56.453133280336274,47027,39.790340497257986,58.37151028400941,0.06745413211640355,-2.423148072192948,0.02224312396327355,0.2177689705273497,0.307489855621409,2.716570730703292,494.75656364555414,461.1131173176565,True
15560,8539725,5925.87429412,1.126,1.3828565084600002,13.758,838.188,0,281.99255,44.615833,11111111111111111,12.502,12.237,12.162,146.05700000000004,0.9590000000000001,False,False,0.007099276421928757,167.32337059485457,1,2.2931462452610747,285.25921865143243,47177,261.2484684451819,137.24558690552794,0.08465564071967673,-2.5058389644071735,0.015181440552168753,0.9183841062588199,0.28622939907194717,2.6209741657877386,230.47613723903387,221.0266156122335,True
15639,8575129,5716.14754207,0.938,0.931108543935,15.12,1028.796,0,297.05593999999996,44.692638,11111111111111111,13.874,13.511,13.452,122.87100000000001,0.79,False,False,5.140155350047415e-05,349.66221129256,2,1.0265991354031543,445.2550207865578,47408,311.6437550916412,258.0731180314323,0.05595657362957333,1.2128257142260388,0.010093898445928106,0.013919054022859142,0.5546739924998935,3.648585454665608,101.88678583670982,80.49056081100076,True
15640,8575129,5716.14754207,0.938,0.931108543935,15.12,1028.796,0,297.05593999999996,44.692638,11111111111111111,13.874,13.511,13.452,122.87100000000001,0.79,False,False,5.140155350047415e-05,349.66221129256,2,0.5277936502037748,89.05532376454387,47408,57.104045110305584,88.26261899144545,0.033082705020967926,-1.92441221981629,0.005189460347120253,0.004391066138392715,0.32283928404012463,2.7835486015090507,26.93049869433345,21.27509396852343,True
15738,8631106,5847.9444944,1.006,0.9728551082539999,15.01,1000.168,0,294.2478,44.710460999999995,11111111111111111,13.831,13.452,13.375,108.156,0.955,False,False,0.015479422024857414,329.7913381266668,1,1.7067501986825684,60.22636577268308,47725,48.51264658343327,66.62110820064088,0.20227599270806573,-1.2180413132000245,0.016061279769586562,0.7933079810484942,0.18270869694155734,2.0940412428119406,257.9647078369306,246.3562959842687,True
16019,8934640,5916.69405616,1.117,1.20835604213,14.624,1165.614,0,283.6253700000001,45.292332,11111111111111111,13.54,13.265,13.177999999999999,89.31,0.9690000000000001,False,False,0.006696120163498631,265.346267284835,1,1.3159592023249844,99.42276290272144,48646,20.591029829136446,77.57997034886722,0.0053067630146209285,1.258001375539414,0.009970245587590732,0.5220931901446254,0.35269446439272106,2.909410102654025,99.40579707687247,96.32421736748944,True
16088,8817481,5546.32613022,1.05,1.04294936235,12.964,403.93800000000005,0,291.29152999999997,45.051334000000004,11111111111111111,11.591,11.297,11.267999999999999,33.328,0.982,False,False,0.002512341644840488,117.43431906481989,1,1.3479650109765604,225.266714037444,48851,205.07489142766985,151.89173533845886,0.057166878093990396,-1.204856079558985,0.011832424584530368,0.3599861529540982,0.44641431907846935,3.2732161031443163,140.00627154859865,137.48615866072387,True
16172,8832056,5749.1535734,0.93,0.959743718714,14.386,743.459,0,296.625,45.08297,11111111111111111,13.167,12.872,12.759,106.21700000000001,0.96,False,False,0.0031427812630252516,231.54218206914513,2,1.8631270359053904,217.37852838202988,49112,13.556121993818657,154.79361819420862,0.050991854228212063,1.9385234677086478,0.017772377855797928,0.5083657873935473,0.39413719324007773,3.0755963060456857,315.85741464925655,303.2231180632863,True
16173,8832056,5749.1535734,0.93,0.959743718714,14.386,743.459,0,296.625,45.08297,11111111111111111,13.167,12.872,12.759,106.21700000000001,0.96,False,False,0.0031427812630252516,231.54218206914513,2,1.3209556535897802,615.7459866870943,49112,501.01723030472465,309.89151277401356,0.05185587182579001,-0.8254280449030915,0.012600602403336186,0.9341904099637947,0.24710994334237496,2.4352902578988402,158.77518092696167,152.4241736898832,True
16252,8825513,5896.24277007,1.026,1.16485208073,13.478,597.163,0,294.3895,45.002522,11111111111111111,12.282,11.937000000000001,11.838,52.424,0.9670000000000001,False,False,0.0006425294835677997,145.7792999754606,2,0.8255968108631663,177.03382420115457,49332,164.00331099461778,114.92612370392446,0.052634024669446576,-0.5539820681745229,0.0064886683283559565,0.07159415690095887,0.49226686213377846,3.437208851846318,42.102816675409684,40.71342372512117,True
16253,8825513,5896.24277007,1.026,1.16485208073,13.478,597.163,0,294.3895,45.002522,11111111111111111,12.282,11.937000000000001,11.838,52.424,0.9670000000000001,False,False,0.0006425294835677997,145.7792999754606,2,2.2236256398250025,149.82073966761936,49332,102.60095560437145,102.82432868625439,0.22788517150710125,-3.006145621740442,0.017476289967941858,0.0606036206978007,0.4710704752801011,3.362393701921657,305.42071104358524,295.341827579147,True
16355,9051698,5918.6214807999995,0.757,0.8786739205149999,14.948,828.993,0,300.34692,45.33560900000001,11111111111111111,13.604000000000001,13.262,13.181,162.559,0.953,False,False,0.0029514272113999596,317.2529635160012,1,2.249945820846301,179.63595522941586,49661,150.8726255171999,139.01745050103813,0.04009548170804561,-1.1534176634912097,0.023442432407433957,0.3946013531326784,0.38841373563287307,3.053183527924411,549.5476371771099,523.7188982297857,True
16490,8972123,5887.34482551,1.114,1.0931763772799998,15.439,1399.402,0,297.72497999999996,45.28569,11111111111111,14.196,13.86,13.802999999999999,255.188,0.912,False,False,0.005216535569430136,423.3994949583327,1,1.4745048783207586,87.57327927027863,50097,81.1943311970248,78.72671885012923,0.0680510682149318,0.07743272966613413,0.012348503353698949,0.41094075902000704,0.32760203403582316,2.804005851787716,152.48553507631416,139.06680798959852,True
16709,9203319,5894.98645794,1.025,1.02096437293,14.44,910.602,0,284.21515,45.68074,11111111111111111,13.347999999999999,13.015,13.027000000000001,133.071,0.965,False,False,0.004332014644447435,239.2250066473848,3,2.235009336055293,242.4577526068277,50935,157.3817875863208,161.65569248250975,0.1300183755129568,-0.5798065825748431,0.02004135601016619,0.6385729956294208,0.37975456109351,3.0189583412568384,401.6559507262245,387.5979924508066,True
16710,9203319,5894.98645794,1.025,1.02096437293,14.44,910.602,0,284.21515,45.68074,11111111111111111,13.347999999999999,13.015,13.027000000000001,133.071,0.965,False,False,0.004332014644447435,239.2250066473848,3,1.0110694485724754,104.55132673456025,50935,95.65796157709384,92.26846967390115,0.21720067426799408,-0.7279775526904051,0.009066272092450037,0.3230870535087696,0.3448028042212867,2.8766764331969767,82.19728965433838,79.32038451643653,True
16711,9203319,5894.98645794,1.025,1.02096437293,14.44,910.602,0,284.21515,45.68074,11111111111111111,13.347999999999999,13.015,13.027000000000001,133.071,0.965,False,False,0.004332014644447435,239.2250066473848,3,2.1038754256644454,292.8185330999488,50935,53.44509462271509,183.32962885525987,0.00987328081245525,2.6459048812150936,0.01886547663429445,0.7978387944261969,0.3221702540353051,2.7806628880264004,355.9062086391098,343.44949133674095,True
16924,9287698,5920.91616778,1.07,1.04654746485,15.843,1589.0379999999998,0,294.4957,45.74725,11111111111111,14.629000000000001,14.235999999999999,14.185,195.873,0.9390000000000001,False,False,0.009847984952146227,552.2833659482567,1,1.139324433442877,64.1172033788864,51666,48.21193588078592,65.91055386993426,0.09002952020042615,-0.1576793432595225,0.009966595437374194,0.6346489358655205,0.24329477241968575,2.4164177076971725,99.3330246122881,93.27371011093854,True
16998,9237795,5735.66318721,0.8859999999999999,0.8728720597299999,15.78,1089.654,0,298.38882,45.606071,1111111111111111,14.368,13.957,13.886,245.06099999999998,0.963,False,False,0.004323826252407681,527.771958959558,2,1.0675672467251751,83.07635356373204,51929,1.928177226397235,88.19592447481791,0.045204324673079735,1.023957693622811,0.011197034015262418,0.39528916645986056,0.2790723253892602,2.5879984175695014,125.37357073894363,120.7347486216027,True
16999,9237795,5735.66318721,0.8859999999999999,0.8728720597299999,15.78,1089.654,0,298.38882,45.606071,1111111111111111,14.368,13.957,13.886,245.06099999999998,0.963,False,False,0.004323826252407681,527.771958959558,2,2.1008529001669243,240.99409821460992,51929,188.4217841332596,179.39121486564295,0.06932689032353853,-1.4864003271228552,0.022034510197264778,0.7183460147417103,0.3108829392842793,2.731517992403254,485.5196396333655,467.555412966931,True
17023,9238108,5375.75783435,0.773,0.832620665186,15.86,989.9060000000001,0,298.46898999999996,45.624161,11111111111111,14.327,13.863,13.823,269.568,0.9059999999999999,False,False,0.0025325349243131567,558.9534734872396,1,1.3636519110328003,231.2563711298647,51988,15.85344163916192,174.82815230552998,0.10272955243274544,2.68173885045728,0.014993902706842402,0.45827255460571215,0.38132509689374844,3.0251945929890134,224.81711838225593,203.68430925432386,True
17110,9391406,5687.78439013,0.913,1.28500749769,15.276,1504.7820000000002,0,285.38095,45.9091,11111111111111111,14.095999999999998,13.693,13.642999999999999,124.92200000000001,0.9490000000000001,False,False,0.011487012521181672,383.9046571926193,1,1.2472669023230147,143.23395918262975,52260,0.683110960322469,87.00646279198784,0.07519646087936524,-2.501045466681884,0.008886118183196701,0.9488779533839331,0.17962208731141077,2.0762779427316227,78.96309636573903,74.93597845108634,True
17196,9469627,5953.08224123,1.023,1.04759341124,15.3,1322.646,0,293.73917,46.040489,11111111111111111,14.214,13.870999999999999,13.774000000000001,135.75,0.9520000000000001,False,False,0.00011533312698452924,389.78607802422124,1,0.5606697773269768,731.2403223735342,52526,403.79022776250594,328.65642358261596,0.15819015853335247,-0.5959294943319846,0.004899736630982433,0.03359090097180962,0.7112933936417501,4.131711684931804,24.007419052991082,22.855062938447514,True
17240,9409522,5819.92606383,1.093,0.954098011797,15.048,1017.93,0,294.02005,45.999328999999996,11111111111111111,13.845,13.558,13.453,129.825,0.941,False,False,0.001419405616104652,336.5327013222676,1,1.4862954548264282,130.14601494626652,52651,97.12835334950734,116.72679575606877,0.009297918947709597,-0.22007431336282002,0.01426167408451855,0.16533205063043524,0.35515527251955087,2.919542179943496,203.39534769302801,191.39502217913935,True
17249,9471958,5699.72209071,0.8290000000000001,1.2001977792799998,15.265999999999998,1260.093,0,294.55527,46.077991,11111111111111111,13.947000000000001,13.573,13.431,140.97799999999995,0.946,False,False,0.008501472841932811,381.45406517945145,3,0.6805993241042685,99.33804918504951,52677,76.15850370944541,70.67709550336485,0.11432398855962878,-2.227925941553774,0.005191550025956968,0.5386188685286313,0.3797255599080051,3.0188430627960976,26.952191672013793,25.496773321725048,True
17250,9471958,5699.72209071,0.8290000000000001,1.2001977792799998,15.265999999999998,1260.093,0,294.55527,46.077991,11111111111111111,13.947000000000001,13.573,13.431,140.97799999999995,0.946,False,False,0.008501472841932811,381.45406517945145,3,2.1904394585782456,179.29827467428964,52677,66.40144511846965,104.77371651734165,0.0744565384038501,-1.9031967955366886,0.016708473877791997,0.8231024332781639,0.32511572706378256,2.79334520772689,279.17309932485756,264.0977519613152,True
17398,9509259,5979.6439245,1.062,0.966331271775,13.100999999999999,462.23,0,282.70627,46.133559999999996,11111111111111111,11.968,11.705,11.67,101.214,0.978,False,False,0.0010374572693666595,122.95823686846227,1,2.4157436365275067,162.17145519525644,53093,142.1473033993639,132.180685053954,0.11816789648494837,-0.022166901557992613,0.02288669904243649,0.13485777583791972,0.39598701940933684,3.082805291584936,523.8009930590633,512.2773712117639,True
17511,9570406,5693.07955296,1.055,0.913897575564,15.925,1500.915,0,282.57842999999997,46.202641,11111111111111111,14.769,14.447000000000001,14.421,251.826,0.899,False,False,6.209197893825014e-05,581.5113144264762,3,1.4022548866242575,731.5819494943072,53432,401.4866160991668,380.74265446571565,0.018429238709310562,-2.3745717571667413,0.014047135948601781,0.02333067171251471,0.6200479216079342,3.8576093786943257,197.32202835850046,177.39250349429193,True
17512,9570406,5693.07955296,1.055,0.913897575564,15.925,1500.915,0,282.57842999999997,46.202641,11111111111111111,14.769,14.447000000000001,14.421,251.826,0.899,False,False,6.209197893825014e-05,581.5113144264762,3,2.08198791885727,713.0165414933022,53432,22.193467427305162,374.27367591506146,0.03538977386158833,-2.259721380098854,0.02085638468334409,0.022575423808021657,0.6188984844062313,3.854032125676893,434.98878205962984,391.05491507160724,True
17513,9570406,5693.07955296,1.055,0.913897575564,15.925,1500.915,0,282.57842999999997,46.202641,11111111111111111,14.769,14.447000000000001,14.421,251.826,0.899,False,False,6.209197893825014e-05,581.5113144264762,3,1.7338079233270114,222.78384803183366,53432,190.39833951847808,172.33705998955384,0.11413158767108798,1.26158186166783,0.017368479753612394,0.011724732023075028,0.4186075984542107,3.1696344210178333,301.66408895164363,271.1960159675276,True
17715,9658824,5353.53624332,0.999,0.917305639685,12.186,246.736,0,295.61388999999997,46.31240800000001,11111111111111111,10.942,10.615,10.519,39.076,0.9840000000000001,False,False,0.0037934507660452033,86.2909430924324,2,2.3817255474501065,122.97779531462778,54068,80.01202153958276,113.45626581250676,0.02540333490961228,-0.12624922291200757,0.023770373192509086,0.42873635025184376,0.3207645052986401,2.774589722313438,565.0306417111545,555.9901514437761,True
17716,9658824,5353.53624332,0.999,0.917305639685,12.186,246.736,0,295.61388999999997,46.31240800000001,11111111111111111,10.942,10.615,10.519,39.076,0.9840000000000001,False,False,0.0037934507660452033,86.2909430924324,2,1.7581737820444856,405.7865449953388,54068,33.23888663020758,251.46397633799876,0.042276169096061474,2.2771067926401205,0.017547129635161307,0.9828912418131018,0.13524658200239614,1.8016431300503182,307.9017584331562,302.97533029822574,True
18037,9764220,5947.41536813,1.072,1.19930849785,15.876,2074.04,0,288.92749,46.581638,11111111111111111,14.738,14.452,14.387,182.40599999999998,0.9179999999999999,False,False,0.0020019062885037187,565.2312217592239,1,2.326607818250154,370.2828432652326,55094,15.114764157535932,185.25047426117806,0.1431619757997688,2.341680212095814,0.017760313225717014,0.4013360816542132,0.5950766419338106,3.7791320969782802,315.4287258755787,289.56357035378124,True
18164,9784243,5903.17757413,1.136,1.18863738265,15.027000000000001,1276.323,0,296.99429,46.52597,11101110111011,13.807,13.512,13.42,120.19200000000001,0.9470000000000001,False,False,0.009942394516099684,332.8072111352252,2,1.6901675538769998,115.68583177104846,55462,20.76681159695783,87.74043013606352,0.060969896926202714,0.6780338651971145,0.013017833850426841,0.902469452275241,0.19313893418251438,2.1529826800000844,169.4639981573189,160.48240625498102,True
18527,9945805,5422.95677588,0.875,1.00700532357,14.780999999999999,857.115,0,289.3782700000001,46.84499,11111111111111111,13.498,13.154000000000002,13.012,110.876,0.963,False,False,0.0039263211970257395,286.6196325453042,1,2.463611273507688,151.7557851985683,56537,53.048115993349164,113.7637780485263,0.03335153932892528,-1.9477861020295628,0.022397459756224473,0.43232517980136703,0.3934071339198052,3.072746526167644,501.6462035316949,483.08529400102213,True
